yr,harmonized.name,triad_01,triad_02,triad_03,triad_04,triad_05,triad_06,triad_07,triad_08,triad_09,triad_10,triad_11,triad_12,triad_13,wgi.corrupt,wgi.govt,wgi.stability,wgi.regulatory,wgi.law,wgi.voice,gdp,pop,pc.gdp
2019,Afghanistan,-0.18508667134325,0.0977194973917167,-0.446934048111468,-0.405759163003059,-0.492635326554681,-0.395870353638777,0.137139761270635,-0.178574236503546,0.071067114872612,-0.281396438497731,-0.229300751250107,-0.0699355655945734,0,-1.40771043300629,-1.49562668800354,-2.65553116798401,-1.12304580211639,-1.72789442539215,-1.00674676895142,18904490262.913,37769499,500.522664145294
2019,Albania,0.0689446769846208,0.330164418492732,0.27663264253731,0.565373459576512,-0.268209290218037,0.0630125119791687,0.0279808209549866,0.365552041320069,0.309194105987248,-0.111178842448332,0.24758797303562,0.332393990181967,0,-0.543374061584473,-0.033333245664835,0.111168630421162,0.285658627748489,-0.402843326330185,0.142711371183395,15401830754.0773,2854191,5396.21586434731
2019,Algeria,-0.160861598089174,0.321724564642995,0.185293918638745,0.159457692324471,-0.147376207582585,0.0867731994801639,0.248446552862543,0.0446311687504353,0.460110037120681,0.200507124580258,-0.21391429853131,0.573913543568814,0.301411442055992,-0.63569438457489,-0.54141891002655,-1.04434263706207,-1.3732773065567,-0.848534941673279,-1.05352377891541,171767403748.19,42705368,4022.15018374716
2019,American Samoa,-0.364029162753332,-0.445169371475664,-0.269545085039837,-0.402348115396443,-0.352943994875484,0,0.499043544127188,-0.0843286033551889,0,0,-0.232471943974624,0,0,1.8407998085022,0.537684321403503,1.17218911647797,-0.301867425441742,1.32805216312408,1.27270877361298,6.47e+08,47321,13672.576657298
2019,Andorra,-0.310922218584337,0,0.946816089003616,0,0.0828653582294252,0,0,0,0,0,0,0,0,1.23104310035706,1.90103769302368,1.60220229625702,1.22653388977051,1.57228696346283,1.11008703708649,3155065487.51819,76343,41327.5020305488
2019,Angola,-0.448201585463942,0.387454360149231,0.224647302507234,0.287277975384119,-0.082776700374484,0.121093508246315,0.0643002064508327,-0.0182413407903742,0.30738094061158,0.0836859381893763,-0.18639799989476,0.404246993189327,0.436314455670875,-1.07811367511749,-1.08401024341583,-0.358524978160858,-0.820471882820129,-0.993774950504303,-0.783404350280762,69309110145.7687,32353588,2142.23875712854
2019,Anguilla,0,0.95981987262128,-0.26081933049733,-0.103533033183592,0,0,0,0,0,0,0,0,0,1.23104310035706,0.810354948043823,1.35569405555725,0.844433665275574,0.351113021373749,,,,
2019,Antarctica,0.686065384772697,0,-0.707514293571705,0,0.169522305931763,0,0,0,0,0,0,0,0,,,,,,,,,
2019,Antigua and Barbuda,0.503902613443589,-0.210712427320422,0.191511949101041,0,0.686748644586311,0,-0.220125701620835,0,0,0.380692234139046,0,0,0,0.274131566286087,-0.00765708275139332,0.953555166721344,0.483430832624435,0.400458484888077,0.733219802379608,1687533333.33333,92117,18319.4560540761
2019,Argentina,-0.230834824406973,0.267265157006743,-0.0571361782368356,0.36209844959802,-0.261267319576446,-0.227085555962336,0.380901668326661,-0.507347491820678,0.430733833987261,0.068889045432903,-0.121323920943597,0.0685086514622285,0.0943318810895259,-0.083662860095501,-0.0965068936347961,-0.0914442017674446,-0.436932802200317,-0.408074647188187,0.572384655475617,447754609218.678,44938712,9963.6725062053
2019,Armenia,-0.469699382933191,-0.109266557480304,-0.368956361669595,-0.137276887469465,-0.542596976786255,0,-0.474567378148896,-0.224455609399691,0,-0.191637846137534,0.0757529415593437,0,0,-0.203820124268532,-0.197479233145714,-0.413424372673035,0.255927443504334,-0.157182589173317,0.055480632930994,13619291361.2814,2820602,4828.50517771788
2019,Aruba,-0.183272361846898,-0.346067366295475,0.115229365921429,0,0.410866559084468,0,-0.431053589988151,0,0,0.691919276926243,0,0,0,1.2138819694519,1.02402460575104,1.34979605674744,0.855567157268524,1.25625967979431,1.26436722278595,3368970253.05286,106442,31650.7605367511
2019,Australia,0.14650837679213,-0.420189269558096,0.116574503854889,0.101057131682254,-0.122776617084653,-0.45851953433961,-0.261858693732487,-0.0194710342777083,0.337865105775428,-0.0614186030574293,0.0824256202652185,-0.0103361429952671,0.59923690098485,1.8221447467804,1.56487631797791,0.911745727062225,1.87215864658356,1.72611081600189,1.26739799976349,1392227864397.08,25340217,54941.4341793948
2019,Austria,-0.0914414847268306,0.236185604340509,-0.171878979507622,-0.382462057789337,-0.197007495891208,-0.541294410716165,0.166565625981753,-0.0208472549818844,0.473870219588185,0.00289373777496046,-0.113966200506126,0.0109348905859966,0.40295864824889,1.55429518222809,1.52114546298981,0.91674792766571,1.45756649971008,1.89534270763397,1.33874893188477,444621176100.548,8879920,50070.4033482901
2019,Azerbaijan,-0.346427997590094,0.136782065398507,0.288822976875525,0.147877221677505,-0.0618135886278228,-0.315590216803569,0.117052404117283,0.0674748931085974,0.710982618299483,0.237590968548856,-0.00295367409353614,-0.147214988809297,-0.225150980982027,-0.8299640417099,-0.0864946097135544,-0.685912430286408,-0.214039906859398,-0.591070115566254,-1.52944147586823,48174235294.1176,10024283,4805.75371765917
2019,Bahamas,0.0186366670868877,-0.310155633808766,-0.491153921395783,-0.543126624773019,-0.302836417488074,0,-0.234504283546361,-0.222008642893218,0,0.388434964183995,-0.14270857976406,0,0,1.1338517665863,0.481303781270981,0.816237688064575,-0.0504641570150852,0.0725988522171974,0.906194150447845,13192800000,404557,32610.4850490784
2019,Bahrain,0.0467409557200845,-0.441861993080115,0.186586538507805,0.162536535855863,0.291753448564457,-0.136519079243209,-0.00162989778851474,0,-0.0321332660063854,0.539279505119357,-0.112522093561638,0.569159120046986,0.0955099632376453,-0.0141103724017739,0.294352799654007,-0.627359509468079,0.483154505491257,0.489411115646362,-1.42923247814178,38653318085.1064,1494188,25869.1129129041
2019,Bangladesh,0.372851041312718,-0.323360648865343,-0.0999507548274421,0.0382179397678875,0.00147923980931622,-0.191629391186204,0.138985074667473,-0.180087581653632,0.306749169354081,0.463200717202791,-0.428766120287492,0.34109526559,0.218312858652085,-0.994909584522247,-0.731802582740784,-0.932975292205811,-0.931169450283051,-0.631936311721802,-0.74178558588028,351238474244.667,165516222,2122.07885124799
2019,Barbados,-0.364055986592277,-0.264967990595758,-0.208915788238804,-0.566343921388946,0.0798776502803138,0,-0.388402595714515,0.280810103086214,-0.290895385576295,-0.117555544539813,-0.313581246166474,0,0,1.19261157512665,0.626334428787231,1.04922747612,0.410327404737473,0.352402299642563,1.10283517837524,5324250000,280180,19002.9623813263
2019,Belarus,-0.165952466316267,-0.312663818285183,-0.0766405401901804,-0.39501677120122,-0.296855380547973,-0.42431603792881,-0.0301276798501717,-0.153105942508865,-0.0746782242776523,0.430664243719851,-0.254790578701961,-0.261923433358888,0.309357589306596,0.0324118658900261,-0.129739582538605,0.332389116287231,-0.663383305072784,-0.836098074913025,-1.4079213142395,64409647193.8044,9419758,6837.71782606352
2019,Belgium,0.039392259828792,-0.197239382999636,0.0129486542590063,-0.269732081219601,-0.0977464509115819,-0.658161885805164,0.111576359403316,-0.22122089887447,0.378196610563799,0.0984443716282043,-0.247016457536938,0.257168007200145,0.320352806973455,1.48185706138611,1.14229798316956,0.473777532577515,1.289381980896,1.36670064926147,1.31019818782806,535830876745.097,11488980,46638.6813054855
2019,Belize,0.251075954400703,-0.426108419412473,-0.289541526470917,-0.405499316718741,0.193801307987572,0.166438835407747,-0.131791316387864,0,-0.137586317003906,0.565088177910526,-0.0899661130618678,-0.279553500589567,0,-0.165671959519386,-0.600823760032654,0.0630388632416725,-0.548786401748657,-0.836393356323242,0.505603790283203,2416500000,389095,6210.56554311929
2019,Benin,0.190059138414767,0.589754018206858,-0.528133533486499,0,-0.372694229839958,0,-0.256890524691139,0,0,-0.363660503889106,0,0,0,-0.31778284907341,-0.466742843389511,-0.412667959928513,-0.432607293128967,-0.653755903244019,0.0627894029021263,14391686309.033,12290444,1170.96553298099
2019,Bermuda,0.137339069682447,0.34300164532197,-0.431936601129758,-0.436556097541202,0.0234311859707505,0,0.103780332094361,-0.175897454205059,0,0.488817851600431,-0.452918550408964,0,0,1.23104310035706,1.35569632053375,1.06507384777069,0.844433665275574,0.839582562446594,,7423465000,63911,116153.166121638
2019,Bhutan,0,-0.316392973880709,-0.350124981459033,0.00465228432761629,-0.320747047137042,-0.146475785080876,0,0,0,0.734007529574884,-0.113608454995599,-0.318242959555221,0,1.61933422088623,0.351603776216507,1.08209586143494,-0.311885327100754,0.605705380439758,0.0747612863779068,2535657069.05537,767459,3303.96421053811
2019,Bolivia,0.0507356561085441,-0.0527413447710132,-0.1920642186546,-0.175149817219234,-0.326534488427541,-0.597463206842238,0.134522402226061,-0.201188159815533,-0.0322712704156711,0.485331700608754,-0.158655954915629,-0.31205222605232,0.213966153523741,-0.761989772319794,-0.774055242538452,-0.730085670948029,-0.986101508140564,-1.17436444759369,-0.116381518542767,40895322843.7851,11777315,3472.38083075685
2019,Bosnia Herzegovina,0.230148766170568,-0.302687462357117,0.0404253172226388,-0.133997543038649,0.0970713839450684,-0.425142393282955,-0.13338297314882,-0.0749594349305798,0.413969038774601,0.604347373349596,0.0459240991576003,-0.183651077648246,-0.223160483166724,-0.625312626361847,-0.669898688793182,-0.418754309415817,-0.112791009247303,-0.201782420277596,-0.243082657456398,20202479537.5193,3360711,6011.37067052755
2019,Botswana,0.129617959487239,-0.142054324692289,0.139524524529888,-0.556753323257194,0.0969501577479238,-0.616129185016343,-0.131588679047152,0,0.379226211961372,0.248481739884159,0.0714608854278561,-0.117370352950628,0.0530109285847563,0.702542424201965,0.400045096874237,1.11105513572693,0.509274005889893,0.459768772125244,0.4983911216259,16695928792.5697,2499702,6679.1676738146
2019,Br. Indian Ocean Terr.,-0.533680781510089,-0.288627019610643,0.220845501679813,-0.441240310502452,-0.0324100697139462,0,-0.25964983954588,-0.120758375595058,0,0,0.552596129828583,0,0,,,,,,,,,
2019,Brazil,0.208257327242026,-0.362544211691037,-0.114828676961693,-0.472696165929008,0.25695329256816,-0.302711107184283,0.236226378932578,-0.36947653907782,0.298266387400935,0.241756268347579,-0.166610684825009,-0.0588934266658981,0.244850931660141,-0.386171013116837,-0.206858992576599,-0.713788211345673,-0.109311006963253,-0.203433260321617,0.302300244569778,1873274432754.47,211782878,8845.25911841877
2019,British Virgin Islands,,,,,,,,,,,,,,,,,,,,,30610,
2019,Brunei,-0.0378943733894034,0.322054020055461,-0.16824911942713,-0.148813875034586,-0.0979738565197114,-0.204204126746549,0.135293869530424,-0.252358629109084,0.578679879568758,0.0935103088283601,-0.101009528535972,0.475502739886211,0.36219334189282,0.798348665237427,1.31180918216705,1.10879898071289,0.632571876049042,0.609003484249115,-0.967858493328094,13469422958.5105,438048,30748.7374865551
2019,Bulgaria,-0.0557252667419626,-0.161160458538832,-0.298336050114833,-0.234857746769465,-0.449951374455036,-0.326721138872069,0.318462325663496,-0.12319690256186,0.541573666976239,0.0424198129450114,-0.165180659724484,-0.0966388703694276,0.263126529831161,-0.157977610826492,0.20231106877327,0.578860998153687,0.543415307998657,-0.0140076251700521,0.355631977319717,68915875214.6537,6975761,9879.33434282707
2019,Burkina Faso,-0.648283354869706,-0.485847224555215,-0.000215929854227045,0,-0.429273852047668,0,0.0417670333983683,0,0,0.397064975078925,0,0,0,-0.195339918136597,-0.753421664237976,-1.30238652229309,-0.40999636054039,-0.44506511092186,-0.20246647298336,16178162030.0694,20951639,772.166894917834
2019,Burundi,-0.7483383922757,-0.193277915402283,0.301881643411231,0,-0.282091902491502,0,0.453740125711722,0,0,-0.161384101766989,0,0,0,-1.48038673400879,-1.35036277770996,-1.61515891551971,-0.972790122032166,-1.43930196762085,-1.72456860542297,2576518846.39,11874838,216.972968085123
2019,Cabo Verde,-0.633944873751465,0,0.485571891771222,0,-0.601941720572644,0,0,0,0,0,0,0,0,0.872605919837952,0.291506767272949,0.87394255399704,-0.0173604432493448,0.472124576568604,0.952357113361359,1981845740.70615,577030,3434.5627449286
2019,Cambodia,-0.389304595421498,-0.0554958529380275,0.300860569105352,0.204835757275361,-0.369687008380895,-0.131779637581597,-0.47249713261766,0,-0.274858465522491,0.372415131851128,-0.180465579647534,0.297978931255487,0,-1.30401802062988,-0.571561098098755,-0.0894938632845879,-0.571630477905273,-0.938387155532837,-1.22024178504944,27089389786.979,16207746,1671.38538492515
2019,Cameroon,-0.22896140807294,0.198938398774751,0.435551033392463,0.374119770452447,-0.188326316954839,0.0490445975137179,0.338344515421221,-0.133491837107946,0.543211944206335,-0.098834950947638,0.166499016038334,0.274938428891719,0,-1.19402086734772,-0.831370949745178,-1.55921673774719,-0.831786811351776,-1.12585461139679,-1.20936727523804,39670977332.7348,25782341,1538.68794663506
2019,Canada,-0.176144141827535,-0.264671210981228,0.0896071744916073,-0.412852923825101,0.0589242328618434,-0.315415888351391,-0.105135845391582,-0.00542143447286964,0.409779200515884,0.104899981346331,-0.0443321011860259,0.5792272393946,0.300017822556116,1.76385736465454,1.7242956161499,1.01676774024963,1.71465253829956,1.7518424987793,1.43186473846436,1742015045482.31,37601230,46328.6718408496
2019,Cayman Islands,0.700956179017463,0,-0.100032049627975,0,0.706154391152859,0,0,0,0,0,0,0,0,0.462481051683426,1.16319942474365,1.43329429626465,0.981019139289856,0.763362586498261,0.469737321138382,5943589103.56414,66134,89871.9131394463
2019,Central African Republic,-0.52902974703174,0,-0.296814069398039,0,-0.795002474815588,0,0,0,0,0,0,0,0,-1.21616554260254,-1.75460362434387,-2.13827180862427,-1.3639075756073,-1.74776136875153,-1.2222136259079,2221301400.72468,5209324,426.408762581226
2019,Chad,-0.0235082625178497,0.195465573621028,0.376421168316711,0.456782957897057,-0.171376318757728,0,-0.172510950442265,-0.0987958175317474,0.726340606560427,0,0.120149255455509,0,0,-1.40077757835388,-1.5765894651413,-1.3437432050705,-1.10725140571594,-1.29929721355438,-1.43482649326324,11314951342.7807,16126866,701.621216594762
2019,Chile,0.30871355767555,-0.0690112702965288,-0.431795323251779,0.097513107357247,-0.528513097188127,0,0.195329940210803,-0.0532590852456665,0,0.193375581007188,0.588444433789271,0,0,1.00874698162079,0.891052961349487,0.00792970694601536,1.17115616798401,0.947567701339722,0.983122289180756,278584733103.01,19039485,14631.9468779229
2019,China,-0.189396330045837,0.238842943059384,0.411785200000876,0.114936823336019,0.18146856523739,-0.445589383560763,-0.147087152645181,-0.199162050097553,0.146413467636618,0.1779804808428,-0.545089949765081,0.00479514852501392,0.285069572180495,-0.28900557756424,0.56392252445221,-0.256689161062241,-0.288801491260529,-0.243998482823372,-1.62804806232452,14279937500606.5,1407745000,10143.8381955585
2019,Colombia,-0.0276204469222894,-0.308907119294585,0.29896729489915,0.162513658634632,-0.335913937701393,-0.443472403633547,0.062870225898172,-0.306388059696002,0.0927657028086486,0.420208512137221,-0.328776715237216,0.0203133742787116,0.294960479041764,-0.260884940624237,0.0608061067759991,-0.949501574039459,0.331720739603043,-0.371536016464233,0.205496594309807,323109540251.855,50187406,6438.06018290435
2019,Comoros,-0.789881658784163,0.104732275704521,0.381407173330849,0,-0.292400939110553,0,-0.329927275417245,0,0,0.159048317868889,0,0,0,-1.03627967834473,-1.72172141075134,-0.154699191451073,-1.17606687545776,-1.13752460479736,-0.706908762454987,1195019559.09381,790986,1510.79735809965
2019,Congo,-0.182582037432675,0.311272437825248,0.441722849555712,0.195649698652131,-0.0490836960442829,0.131751855009141,0.0184873730519238,-0.0477553095654751,0.685930557345276,-0.0498220285325848,0.171036177388335,0.330101933793058,0.0527413584255081,-1.41993415355682,-1.39087569713593,-0.896963596343994,-1.34091627597809,-1.1766904592514,-1.27898859977722,12750339022.9915,5570733,2288.80813763494
2019,Cook Islands,-0.702315492110437,0,-0.00906391438232297,0,-0.711808116698415,0,0,0,0,0,0,0,0,,,1.06475675106049,,,1.05144429206848,,,
2019,Costa Rica,-0.381564654127978,-0.565687911691088,0.42763271944831,0,-0.364064699044245,0,0.171131402760503,0,0,0.435553436954711,0,0,0,0.655114948749542,0.372309684753418,0.452292859554291,0.559621095657349,0.554161429405212,1.09602379798889,64417670082.6127,5084532,12669.341068679
2019,CÃ´te d'Ivoire,,,,,,,,,,,,,,-0.538762807846069,-0.528571486473084,-1.02604556083679,-0.288290113210678,-0.589263319969177,-0.247607246041298,58539424929.7248,26147551,2238.81100489009
2019,Croatia,0.208454079030165,-0.148431803370511,-0.36476298049479,-0.260886062635999,-0.207464822804463,-0.143376528537539,0.424709950805867,0.175165712102814,0.282925922745488,0.233789762304473,-0.325056877245994,-0.0369594641095018,0.465841786734498,0.0773985087871552,0.48991197347641,0.694699943065643,0.562774360179901,0.372456163167954,0.45530304312706,62327983579.5899,4065253,15331.8830536722
2019,Cuba,-0.116565484256621,-0.533291872818346,0.322171009103331,-0.350311735447171,-0.285581190764221,0,0.343197944707513,-0.212305075342292,0,0.26415953177796,-0.401627496758171,0,0,0.039371483027935,-0.175985559821129,0.603123068809509,-1.48947477340698,-0.325435101985931,-1.44062495231628,1.03428e+11,11316697,9139.41585605765
2019,Curacao,,,,,,,,,,,,,,,,,,,,2995185474.86034,157441,19024.177151189
2019,Cyprus,-0.0372696607937466,0.0566559039659317,0.251665782035831,0.309984173428667,-0.286254904921605,-0.0515224043759772,0.529220857729509,0.382954288499787,0.472072022187222,-0.100985992536164,-0.196958318869979,0.0196517416392954,0.228956677307029,0.626630961894989,0.986659109592438,0.557369947433472,1.01061308383942,0.754275918006897,1.04857850074768,25944504645.6957,1228836,21113.0733846467
2019,Czech Republic,0.108220967569297,-0.150892044236508,-0.197814781612473,-0.332681853202567,-0.250719204566734,-0.48054264273679,0.120360645418417,-0.0924758861177699,0.416685706589512,-0.00268217961670721,-0.343451590503873,-0.12259693749167,0.438484786644298,0.561192810535431,0.949878513813019,0.94388747215271,1.24349272251129,1.04630982875824,0.835772931575775,252548179964.897,10671870,23664.8478631109
2019,Dem. Rep. of the Congo,-0.526221092742275,-0.0253463130982193,-0.224261019321231,-0.144856497263095,-0.425515198239075,0.189905629342404,-0.223177347266046,0.179404715464457,-0.20058036746515,-0.219296435297333,0.132647147804727,-0.345262592887553,-0.356266852110071,-1.5398656129837,-1.61820912361145,-1.59389889240265,-1.49977791309357,-1.79825115203857,-1.3139728307724,51775830725.8441,89906890,575.882790805511
2019,Denmark,0.125107163744161,-0.0975226193978393,-0.284017312469782,-0.26246272923018,-0.182148756949665,-0.38722228974092,0.221328334469793,-0.0536445821549951,0.16255681931164,-0.177936645090195,-0.22005003241678,0.530320542135549,0.450059674660659,2.15806865692139,1.90285611152649,0.995625197887421,1.56350648403168,1.86805391311646,1.5451831817627,346498737961.635,5814422,59592.9806886454
2019,Djibouti,-0.0770608700585621,-0.37438011246911,0.25267292297986,0,-0.181563820016852,0,-0.453413729589507,0,0,0.742635924775303,0,0,0,-0.859204828739166,-0.786942481994629,-0.351149469614029,-0.802925527095795,-0.930672645568848,-1.42368388175964,3088853638.56832,1073994,2876.04366371537
2019,Dominica,0.260278540080231,0,-0.757668954753407,0,-0.598492135768369,0,0,0,0,0,0,0,0,0.554156720638275,-0.231091558933258,1.06745707988739,0.1474749147892,0.735084474086762,0.868815124034882,611537037.037037,71428,8561.58701121461
2019,Dominican Rep.,-0.0701608409724032,-0.592465910130778,-0.09152144840179,-0.485028549113533,0.0703460400379011,0.109130174062439,-0.0267549870719613,-0.203137113624288,-0.307001936227389,0.133784437482432,-0.463380912200829,0.121342168670028,0,-0.819769561290741,-0.327568829059601,0.00530691398307681,-0.00667067803442478,-0.305115938186646,0.180307701230049,88941299733.5018,10881882,8173.33800656006
2019,Ecuador,0.126417827581022,0.0245129228493157,0.0364912900316749,-0.291630803293262,0.395551795576547,-0.267871064588507,-0.10044012045107,0.127280055853504,-0.256432105103828,0.705817316699507,-0.131558791054504,0.0920285950056766,0.229827026870662,-0.488086521625519,-0.342753469944,-0.232956856489182,-0.780544877052307,-0.5248042345047,0.0327429585158825,108108009000,17343740,6233.25816692363
2019,Egypt,-0.0255999504288989,0.0465027200017947,-0.222824735100861,-0.167231433908961,-0.166493813942328,-0.00159548530174269,0.103804743168888,-0.263701843618138,-0.000318153080943456,0.719074701818865,0.028002601113222,0.34135522314383,0.420894333259702,-0.634925246238709,-0.216252833604813,-1.11419188976288,-0.742943406105042,-0.318304538726807,-1.4444568157196,303080865603.645,105618671,2869.57658843904
2019,El Salvador,-0.248650632082997,-0.0718213437441073,0.346179256574004,-0.345147494167516,-0.257529216877349,-0.622489760056158,0.0437901526576818,0,0.220469445318299,0.0415638605627429,-0.236421593177089,-0.363436115983296,0,-0.517048239707947,-0.514914095401764,-0.10641810297966,-0.0211729817092419,-0.847973704338074,0.11914150416851,26881140000,6280217,4280.28840404719
2019,Equatorial Guinea,-0.46889765279621,0.337515677579879,0.293528555058486,0.342721598232336,-0.00951841510529106,-0.0369395850533119,0.269689019762502,0,0.472753571395318,-0.144869592648114,0.0780860967396672,0.357119487816712,0.101483231552303,-1.54561865329742,-1.01650810241699,-0.156219750642777,-1.67192566394806,-1.27920520305634,-1.87990248203278,11364133801.8914,1553031,7317.39018853545
2019,Eritrea,-0.329945386633534,0,0.895916691893739,0,0.29743793138305,0,0,0,0,0,0,0,0,-1.38917064666748,-1.76978731155396,-0.698492646217346,-2.17759895324707,-1.62150049209595,-2.20644211769104,,3498818,
2019,Estonia,0.261348650366038,-0.0627576375978215,-0.133095174603839,-0.333632612775766,-0.436385769438248,-0.559601218719891,-0.0479973882952133,-0.168520707357176,0.248707242417032,-0.0137247054822521,-0.135077705823379,0.112741635388942,0.414057908124356,1.55827558040619,1.16854131221771,0.633256256580353,1.58962881565094,1.27434396743774,1.18105804920197,31081901909.2156,1326898,23424.4847073517
2019,Eswatini,0.0381510335533858,-0.39514185463701,0.0265648070174941,-0.403636489477022,0.326500639900748,-0.0868595060999379,-0.226702564183461,0.510620742329632,-0.173247215282366,-0.159855803303767,-0.232940614138542,0.377723002761614,0,-0.28104093670845,-0.601965367794037,-0.27455285191536,-0.511614143848419,-0.460595190525055,-1.34256398677826,4495264160.86577,1169613,3843.3773913814
2019,Ethiopia,-0.184960592800192,-0.00457660449704122,0.303406584891447,0.562486355160084,0.12002056755024,0,-0.0346305608641228,-0.203072475890557,0,0.234073655214218,0.667599475280652,0,0,-0.410455852746964,-0.623708486557007,-1.30507278442383,-0.897398233413696,-0.468411415815353,-1.05923998355865,95912590628.1412,114120594,840.449451464836
2019,Faroe Islands,,,,,,,,,,,,,,,,,,,,3275706960.14634,51681,63383.196148417
2019,Fiji,0.0468339472001196,-0.615858818356578,-0.0937748884921182,-0.37429542760865,0.157050560944279,-0.0558724636687744,-0.398433910407157,-0.105415045108629,-0.247621169757235,0.256438244641768,-0.377775993958127,0.0468365047455295,0,0.727740585803986,0.810354948043823,0.777670383453369,0.0488829016685486,0.466517686843872,0.0214206520467997,5481675173.38011,918465,5968.30055949885
2019,Finland,0.147519262727045,-0.0531490178823786,0.269526721331549,-0.166731910498099,0.0834595267598811,-0.425918246781585,0.269242101966916,-0.135352903336376,-0.271534614865506,0.52151409209467,0.361547361175086,0.320185944905422,0.129776627555824,2.15014481544495,1.99904680252075,0.85165673494339,1.84962522983551,2.04878187179565,1.56485080718994,268514916972.549,5521606,48629.8582283033
2019,France,-0.143935447602363,0.0550824485104161,-0.201131498796005,-0.150121758434098,-0.133567070052508,-0.557708158921157,-0.0262526002945079,-0.181078651069897,0.166240737439126,0.490718869405919,-0.297639219502468,0.258359096615896,0.356540796593642,1.27963018417358,1.36585938930511,0.299382239580154,1.43873500823975,1.40021479129791,1.1164003610611,2728870246705.88,67388001,40494.8982936277
2019,French Guiana,,,,,,,,,,,,,,0.915751338005066,1.38073217868805,0.261218845844269,1.31244087219238,1.15929090976715,1.26436722278595,,,
2019,French Polynesia,-0.484193209579308,0.621123744352702,0.453735079190052,0,-0.0620346435610289,0,-0.251588061028166,0,0,-0.326713725541656,0,0,0,,,,,,,6001384759.57628,299717,20023.5047046924
2019,Gabon,-0.0882425455734941,0.635638351742498,0.0714815350095668,0.408554211374632,0.0958664333158283,0,0.262892793583013,-0.196870380320649,0.546639051819171,0,-0.0166069831571469,0,0,-0.875252842903137,-0.935714185237885,-0.0742617398500443,-0.941352605819702,-0.738471806049347,-1.04291653633118,16874405460.1955,2242785,7523.86227845982
2019,Gambia,-0.635106017795468,0.473114168864507,0.0628086295500154,0,-0.422134102301277,0,-0.0271366282914411,0,0,-0.435803635268162,0,0,0,-0.386162161827087,-0.741122901439667,0.224721387028694,-0.701143264770508,-0.388973623514175,-0.250296622514725,1813608279.65044,2508883,722.874793145173
2019,Georgia,0.0154119331394738,-0.441037778366905,-0.123605353199481,-0.0808305940418117,-0.23981281983504,-0.454892720830318,0.140690961373792,-0.214224195168368,-0.00935989085170602,0.523926561693368,0.283478549867088,-0.313633569358529,0,0.746414840221405,0.80954521894455,-0.488382637500763,1.03332614898682,0.272518426179886,0.168719828128815,17470436258.5131,3720161,4696.15058555614
2019,Germany,-0.180034809621984,-0.138415482117429,-0.0107920336418924,-0.172212971075098,-0.351598975852355,-0.525421923339376,0.062645347305798,-0.017092614840982,0.271835609915738,0.439575911125976,-0.18098981802173,0.318969548018895,0.336344681270991,1.90006673336029,1.52456390857697,0.574308574199677,1.72160816192627,1.61263310909271,1.35554444789886,3888226035921.56,83092962,46793.6867616003
2019,Ghana,-0.483296704626777,0.22246811595818,0.251915296012577,0.241699059997815,-0.0733698943398025,0.216042252442969,-0.461929688672653,0.388837958865304,-0.00673566904124787,-0.120008361970048,0.243801319200364,0.118051643416024,0.300995745825318,-0.0877754911780357,-0.265315860509872,0.134411945939064,-0.169835433363915,0.0377789214253426,0.549909234046936,68337537815.7703,31522290,2167.91158941087
2019,Gibraltar,-0.0973027678776972,0.235875060769766,0.240439963580033,-0.288454140091906,0.401411886263859,0,-0.0550491575392815,0.419948653821259,0,0.540600357459815,0.401385636932872,0,0,,,,,,,,32685,
2019,Greece,0.202519969989492,-0.459018977458495,-0.13357746955463,-0.585112489923113,0.00906531187053239,0.0127337947399845,0.139348461691851,-0.370060292821774,0.159186122813237,0.242669200334052,-0.317489111189715,0.163300391237559,0.14066205726955,0.0386894941329956,0.34478572010994,0.181738212704659,0.527953088283539,0.179606944322586,0.812374591827393,205257014892.502,10721582,19144.2843875561
2019,Greenland,-0.798267613190398,0,-0.140396324231375,0,-0.585711268351245,0,0,0,0,0,0,0,0,1.1370575428009,0.808333098888397,1.8838939666748,1.35923600196838,1.73792612552643,1.26436722278595,2994332323.74726,56225,53256.2440862118
2019,Grenada,0.361790619932986,-0.308376212740936,-0.58024649845293,0,-0.0334176639478737,0,-0.339834308177684,0,0,0.566322842995793,0,0,0,0.369498819112778,-0.0960837602615356,0.953555166721344,-0.289395779371262,0.208473965525627,0.680547773838043,1213485185.18519,122724,9887.92074235838
2019,Guam,,,,,,,,,,,,,,1.23104310035706,0.265013605356216,0.89254629611969,0.0802329257130623,1.32805216312408,1.11477661132813,6.366e+09,168624,37752.6330771421
2019,Guatemala,-0.200609439715639,-0.534675428927579,-0.0409042884368526,-0.496340538323815,-0.161462149863065,-0.162463775023403,0.164122147995181,-0.104984631165891,-0.163070010740161,0.0915748816393892,-0.456452844667556,-0.13932418173946,-0.269611529710064,-0.896806240081787,-0.694045960903168,-0.573592245578766,-0.319761753082275,-1.08354508876801,-0.332797735929489,77170421167.5134,16604026,4647.69334663252
2019,Guinea,-0.007559553773074,0.239919901479241,-0.542973878021875,-0.532792256716509,0.0477849087978776,0,0.129276098918078,-0.34799552199066,0.00969468156726972,-0.46787014716859,-0.0678234542150481,0,0,-0.8924520611763,-0.83614706993103,-0.843246161937714,-0.795880973339081,-1.2161135673523,-0.767856657505035,13442861443.7506,12877539,1043.8998820932
2019,Guinea-Bissau,,,,,,,,,,,,,,-1.4807243347168,-1.55498135089874,-0.558011114597321,-1.25147724151611,-1.28262293338776,-0.481106519699097,1439638443.38133,1970457,730.611448705214
2019,Guyana,0.0582777467946422,-0.121186873233235,0.0250467956898344,-0.468995342574178,-0.059701648826752,-0.488957410635821,-0.171785591500759,0,-0.227702099998105,0.248801308478951,0.578001679862587,-0.203330439309882,0,-0.119589000940323,-0.374773502349854,-0.246419206261635,-0.603396594524384,-0.4290631711483,0.255159825086594,5173760191.84652,798753,6477.29672607993
2019,Haiti,0.0593103604601336,-0.425924342590168,-0.0175308983248801,0,-0.0315659101454607,0,-0.449100601700501,0,0,0.782352635327627,0,0,0,-1.33089661598206,-2.04751920700073,-0.891515016555786,-1.2912734746933,-0.966019213199615,-0.746310472488403,14785839382.9002,11160438,1324.84400548618
2019,Honduras,0.0664111304715839,-0.443173378351144,-0.438502541784772,-0.368940902809702,-0.107065699839322,0,0.556344467619156,-0.134274800175947,0,0.194318663272534,-0.306615971472027,0,0,-0.856914758682251,-0.588127493858337,-0.575151562690735,-0.48260435461998,-1.02600014209747,-0.571716666221619,25089976946.7736,9958829,2519.37019370185
2019,Hong Kong (China SAR),-0.0252759859988103,-0.110729310008949,0.113012874604447,-0.471984216902599,-0.00123195292425511,-0.12470788999963,0.393830391398797,-0.147103370490833,0.237542881197214,0.132106509339282,-0.198190942427052,0.656294509925587,0.124027801859416,1.68699836730957,1.73372983932495,-0.222177982330322,1.98207128047943,1.59643161296844,0.126975581049919,363052489184.395,7507900,48356.0635043614
2019,Hungary,0.0306145674056857,-0.30634934605104,0.0173849211112888,-0.171084373257333,-0.382363722585972,-0.62765631723272,0.132305487054631,0.120582896016997,0.375295292921362,0.23594449621212,-0.137498211111479,-0.0240489381267828,0.295703924369642,0.0556788481771946,0.491521060466766,0.772158086299896,0.601590692996979,0.521550834178925,0.343969166278839,163988594921.902,9771141,16782.9524639857
2019,Iceland,-0.016915686808069,-0.164429599456032,0.527215722324108,0.130293988719056,0.150603531551763,0.12199221083822,-0.0104295725996379,-0.0324956034619337,-0.225724975784917,0.664646071573255,0.0496476646303456,0.379268382278768,0,1.70483148097992,1.51136791706085,1.63930094242096,1.3714005947113,1.75880920886993,1.30392909049988,24826102119.6357,360563,68853.7152165799
2019,India,-0.0261036808162012,0.116916150869652,-0.000911950988210345,-0.299642506907707,0.114062288924644,-0.696023135649135,-0.236008300354912,-0.256501242730672,0.232008124274038,-0.00666785360080698,-0.197368734483522,-0.0715762530373341,0.423038679188396,-0.279873192310333,0.160742476582527,-0.770800411701202,-0.137945577502251,-0.04256996139884,0.269035547971725,2831552222519.99,1383112050,2047.23270433512
2019,Indonesia,0.0908450289139649,-0.217369029173642,0.0165529307442577,-0.168989295524331,-0.15374517714893,-0.69273964283795,0.0114913086382377,-0.229083962515548,0.401801923975384,0.272102792775381,-0.0477866038358203,0.200427518526079,0.285639168204712,-0.452071994543076,0.173593521118164,-0.493404567241669,0.0410407409071922,-0.323028594255447,0.132110148668289,1119099868265.25,269582878,4151.22754296454
2019,Iran,-0.0655339934911794,0.248248849222666,0.0945925706281875,0.0043604723329912,-0.332131878090396,-0.553853118507092,0.241844237133491,-0.240707499971104,0.0124260365964173,0.00517327538107041,-0.190218193160595,0.213006014826653,-0.556670231819094,-1.05230605602264,-0.556162297725678,-1.70692205429077,-1.4258553981781,-0.751262247562408,-1.38690960407257,283746685180.338,86564202,3277.875595507
2019,Iraq,-0.328163666392657,0.357896047308907,-0.00512215756519577,0.256440919347805,-0.0309994838661923,0.14023774193981,0.337344269942937,0.431899564265757,0.384893528800408,-0.210067592115391,0.296441183889564,0.311002905580362,0.0243569060191646,-1.37422370910645,-1.2862833738327,-2.60378122329712,-1.0797153711319,-1.75637316703796,-0.964400827884674,233636097800.338,41563520,5621.18169491752
2019,Ireland,-0.19605283266035,-0.115332453090571,0.111299454120939,-0.172470524386492,0.147003827984403,-0.233691918675029,0.0716509515851202,-0.0509537335174937,-0.229437919951295,0.369147923425988,0.316559258841369,0.446932281400351,0.577326341582011,1.49111521244049,1.28567111492157,0.966389119625092,1.60041952133179,1.37606000900269,1.30504441261292,399321701632.431,4934340,80927.0746710667
2019,Isle of Man,,,,,,,,,,,,,,,,,,,,7315388052.08067,83933,87157.4714603394
2019,Israel,0.237894264114835,-0.240062824515048,-0.366703112571113,-0.325391623742843,0.102954735791838,-0.234936827047021,0.26042630507683,-0.272921594200475,-0.168822580001448,0.120480739591167,-0.1733424521692,-0.461717749952551,-0.388683254151663,0.80241847038269,1.31913733482361,-0.793371558189392,1.27937412261963,1.04125499725342,0.660120010375977,402470513619.148,9054000,44452.2325623093
2019,Italy,0.173051227789536,-0.255735444408129,0.098201475996701,-0.280938368249446,-0.0327868792687328,-0.659037591726364,0.0369813640707675,-0.153281883476837,0.266698449412468,0.355499376712768,-0.243995793820537,-0.0344737883147902,0.312384403091515,0.260285705327988,0.478667974472046,0.404385089874268,0.953209757804871,0.298780709505081,0.906614542007446,2011302198827.45,59729081,33673.7509627421
2019,Jamaica,-0.266250804160623,0.147054041947834,-0.287255999833443,-0.137742101423071,-0.63033148691784,0,0.480734668245799,0.103666435132397,0,-0.131318034248576,-0.386758272749852,0,0,-0.0901903957128525,0.625826776027679,0.397309541702271,0.09842649102211,-0.287394255399704,0.614271342754364,15830768549.8916,2813773,5626.1711765276
2019,Japan,0.0499125405619058,-0.0561698321814216,-0.230915704012343,-0.308305964599821,-0.204947406798216,-0.617757509532751,0.320205639812927,-0.133140820473906,0.276440144228888,-0.00695463737107373,-0.228811736925003,0.254283409792436,0.329561472756718,1.463698387146,1.57961368560791,1.03184723854065,1.32535481452942,1.53041684627533,0.931311726570129,5123318151510.62,126633000,40458.0018755824
2019,Jersey,,,,,,,,,,,,,,1.04026639461517,1.23117136955261,1.28069651126862,0.920975863933563,1.73792612552643,1.26436722278595,,169410,
2019,Jordan,-0.0363724799579561,-0.639804025137041,0.33801466946274,-0.234007383977056,0.0275967069238717,-0.445271373923471,-0.132956413643473,0.0571574731251822,0.0972158724699749,0.282186001619232,0.164719380377142,-0.246300124523675,-0.153185604018377,0.105421982705593,0.112162530422211,-0.261968046426773,0.0463295765221119,0.15701200067997,-0.694556832313538,44993992365.1297,10698683,4205.56365350106
2019,Kazakhstan,-0.294502820224085,0.329784118888716,-0.105570004504803,-0.504983204344255,-0.238802679991605,-0.120112824253895,0.159730881418746,0,0.366335012453813,0.281566660164292,-0.261209984315019,0.376797862003818,0.133046180349454,-0.262957990169525,0.106465771794319,-0.168488264083862,0.118897773325443,-0.490241527557373,-1.23017239570618,181667190075.541,18513673,9812.59580827321
2019,Kenya,-0.325825223777031,-0.33502426555215,-0.0350999371901703,-0.594550820492791,0.0757586224714035,-0.169359068232075,-0.176355168458244,0.181708192258446,-0.35521780729661,0.24415950102829,-0.311374735433709,-0.161475914871338,0.139681266970818,-0.786738216876984,-0.439814895391464,-1.10175132751465,-0.325461238622665,-0.44178506731987,-0.313488513231277,100379713697.421,50951450,1970.10514317887
2019,Kiribati,-0.657315269047443,0,-0.202259678470944,0,-0.725966706910116,0,0,0,0,0,0,0,0,0.374273061752319,-0.173108115792274,1.12883257865906,-0.581638038158417,0.81938099861145,1.06578922271729,177935349.322211,124241,1432.1789853769
2019,Kosovo,,,,,,,,,,,,,,-0.518749952316284,-0.340276956558228,-0.331690281629562,-0.374860852956772,-0.390173882246017,-0.11540275812149,7899879086.43081,1788878,4416.10835754636
2019,Kuwait,0.241995870275635,-0.266034768174408,-0.206505944734706,-0.117380974476311,0.0744373951014441,-0.221249109778555,0.34364929809718,-0.0999706038947872,-0.00286572684985513,0.51298234072246,-0.0750954333657276,0.536593343901023,0.273730910392562,-0.136734887957573,0.0146340792998672,0.192640528082848,0.0628094375133514,0.211396709084511,-0.65522301197052,136196760180.976,4441100,30667.3482202553
2019,Kyrgyzstan,0.0984793957114357,-0.409067597503619,-0.417196249177131,-0.505874544906186,-0.197963795679371,-0.295280681049227,0.0303158215720153,-0.18660477770016,-0.131077201726467,-0.0320816159624457,-0.344100374151586,-0.303182776996624,0.0484528639894411,-0.936249792575836,-0.68574070930481,-0.241771638393402,-0.348161339759827,-0.895066559314728,-0.454176247119904,8871026074.19762,6456200,1374.03210467421
2019,Laos,-0.0398628327115049,0.337773179932057,0.308006039709837,0.0357598190615308,-0.0423827516953919,-0.335682310878615,-0.113931668841712,-0.128917598068273,-0.27325730147354,0.388259619743256,0.106316378131651,0.518269952985174,0.372522030270498,-1.05587911605835,-0.781425833702087,0.51631486415863,-0.725202023983002,-0.953399419784546,-1.81645393371582,18740559554.1632,7212053,2598.50552320722
2019,Latvia,0.433085580377985,0.0517601912053886,-0.000791560092190464,-0.356268168412325,-0.2991461995856,-0.57921517688799,0.263674738320801,0.177694280528789,0.277547144556334,-0.0544463467217535,-0.0185445646326851,-0.101595598885101,0.257078674233697,0.50760281085968,1.09896612167358,0.443465203046799,1.19102871417999,1.00767242908478,0.857121706008911,34343961072.8235,1913822,17945.2222164985
2019,Lebanon,0.285308038282722,-0.555923706860161,-0.0714797156913794,-0.390010171898652,0.276867171079467,0,-0.424823693430688,0.0189383076180607,-0.279413620584086,0.288885615845212,-0.182523260641313,0,0,-1.15123629570007,-0.780926525592804,-1.67252099514008,-0.509830474853516,-0.834570825099945,-0.515448808670044,51953744530.2445,5781907,8985.57249887356
2019,Lesotho,0,0,0,-0.771295250888537,0.587911996238458,-0.243850611308851,0,0,0,0,0,0,0,-0.0951528251171112,-0.874868810176849,-0.421510428190231,-0.589672684669495,-0.404333412647247,-0.0208688750863075,2453980835.24819,2225702,1102.56486953248
2019,Liberia,-0.450844094921213,-0.312505383319363,-0.0637364636743062,-0.204746933117027,-0.491324352242918,0,0.0768238014617728,-0.168997208252106,0,-0.478271635728186,-0.385345318553988,0,0,-0.897809147834778,-1.3738968372345,-0.331433713436127,-0.99135684967041,-0.986838161945343,-0.0726392865180969,3319596500,4985289,665.878447568436
2019,Libya,-0.311376876579026,0.412649029263073,0.287453667865906,0.216968177777782,-0.20592657085552,-0.159221630894257,0.173122917986469,0.188286789595138,0.657941062161743,0.0859877869800583,0.0955497421851363,0.106031456618082,-0.0960568271013445,-1.56031382083893,-1.75157129764557,-2.56807422637939,-2.28220462799072,-1.7475665807724,-1.4771842956543,69252306372.0232,6569088,10542.1492864798
2019,Liechtenstein,,,,,,,,,,,,,,1.96528291702271,1.68949031829834,1.61563575267792,1.53929781913757,1.67143511772156,1.22971200942993,6427248943.44939,38482,167019.618092859
2019,Lithuania,0.169946347503904,-0.10293557459556,-0.0467629815292332,-0.474519296921827,-0.242399753705382,-0.66389782239868,0.225310247353556,-0.0454728280163634,-0.0571765194040928,0.27537582975549,0.203596515773807,0.20928472338026,0.128312444319843,0.694379687309265,1.03744518756866,0.779812693595886,1.15569245815277,1.01659691333771,0.996342778205872,54751510087.7803,2794137,19595.1415724355
2019,Luxembourg,-0.0921977761418701,-0.151900527834075,-0.0525674333578833,-0.109634293515476,-0.0675407579570262,0.100014331025852,0.308791481448683,-0.122603398895462,-0.433884523171459,0.0897279184872229,0.11715029201336,0.658568998659002,0.430058365579009,2.10923075675964,1.72629404067993,1.34919059276581,1.69843113422394,1.78524553775787,1.49349999427795,69825641851.0117,620001,112621.821337404
2019,Macao (China SAR),0.326028680060064,0,0.574567193045059,0,0.750718216413199,0,0,0,0,0,0,0,0,0.700640678405762,1.16319942474365,1.2385231256485,1.62559330463409,0.912787258625031,-0.324892669916153,55204758069.5124,663653,83183.1666089243
2019,Madagascar,0.179644273529432,-0.352827894409463,0.195965704636999,-0.187934121987698,0.52159674022095,-0.0993256108016555,-0.259739797621638,-0.123019669073785,-0.157601795636133,0.430555537796092,-0.222146283972173,0.303580369861991,-0.230791838965124,-1.03457605838776,-1.17265474796295,-0.320696473121643,-0.772100210189819,-0.996893346309662,-0.234167248010635,14104664514.8681,27533134,512.279659659089
2019,Malawi,-0.136808605224644,-0.420925937003921,-0.421757993773408,0.376437529123098,-0.25379413818114,0,-0.0136026840185644,-0.0755806079373364,-0.279693788805246,0.556319939031649,0.162758491347089,0,0,-0.773438155651093,-0.776979148387909,-0.280175387859345,-0.734008610248566,-0.338825970888138,-0.10522248595953,11025371147.1876,18867337,584.362867276267
2019,Malaysia,0.211573864680607,-0.298377137052357,0.0442503049378806,-0.289343720777731,-0.0493789345787998,-0.666705185485609,-0.0398636632633937,-0.0174227124352308,0.367853889688357,0.217031681797566,-0.271483435866196,-0.0705503676496992,0.265712465174449,0.259306162595749,1.00913941860199,0.143876805901527,0.557341456413269,0.515538275241852,-0.0489955544471741,365175135787.568,32804020,11132.0239344924
2019,Maldives,-0.508852025704751,-0.121405653692249,0.818009444903697,0,-0.0639366451026034,0,-0.114583144198635,0,0,0.199934088425794,0,0,0,-0.261962294578552,-0.14983107149601,0.032002180814743,-0.496312767267227,-0.395875483751297,-0.463316798210144,5609400721.62268,504508,11118.5565375032
2019,Mali,-0.602746814050155,-0.23679106481368,-0.518105393419957,0,-0.250309327769154,0,0.492779973494121,0,0,-0.0818914479102158,0,0,0,-0.691893219947815,-1.06899988651276,-2.20110392570496,-0.608191549777985,-0.846366882324219,-0.443510085344315,17280251193.9527,20567424,840.175765032738
2019,Malta,-0.022606944715371,-0.0758417681483695,0.0793849354157314,-0.111896237232161,-0.311887381176687,0.408709419434293,0.287964810372754,0.180159482666147,0.165648705157115,-0.444768958625424,0.221979288955588,0.388836348045566,0.411689794304347,0.235603198409081,0.852863729000092,1.02458333969116,0.953892290592194,0.946133077144623,1.08166873455048,15725847979.4022,504062,31198.2414453028
2019,Marshall Isds,-0.461637783288637,0.106934970534863,0.0267955175837571,0,-0.5688840621192,0,0.462748150529615,0,0,-0.486798256367726,0,0,0,0.0455202423036099,-1.54488921165466,0.755261957645416,-1.1177316904068,0.00669336318969727,1.12903904914856,232092300,44728,5188.97111429082
2019,Martinique,,,,,,,,,,,,,,1.23104310035706,1.08302557468414,0.773293197154999,1.22653388977051,0.595347821712494,,,,
2019,Mauritania,-0.514809662441749,-0.171378472845005,-0.0478333993125385,0,-0.365191686522501,0,0.667841577209022,0,0,-0.352044111238848,0,0,0,-0.845596373081207,-0.575070917606354,-0.568760573863983,-0.809181153774262,-0.590795576572418,-0.800363600254059,8066126312.31807,4383849,1839.964449578
2019,Mauritius,-0.0103565171377401,-0.387116550821661,0.343432864889924,-0.255986721723186,0.411945733784377,0,-0.0251540822189392,-0.152985980017872,0,0.62066649017547,-0.295963792892712,0,0,0.241273745894432,0.892037570476532,0.809275507926941,1.02386045455933,0.720553696155548,0.754109442234039,14436353897.9802,1265711,11405.7268191398
2019,Mexico,0.356866859492378,-0.173064761858961,-0.449690537335339,-0.355375125844338,0.0323694420693073,0.209554997393982,0.31576378517048,-0.198029835319674,-0.366532609766337,0.212755166352018,-0.251809469979317,0.291806717512387,0.0461283812648114,-0.899168848991394,-0.279377490282059,-0.836903512477875,0.0304558966308832,-0.646010875701904,0.00781936477869749,1269011767478.56,125085311,10145.1701829207
2019,"Micronesia, Fed. Sts.",,,,,,,,,,,,,,0.714800119400024,-0.0898046344518662,1.10884475708008,-0.966226518154144,0.0903614535927773,1.14641797542572,4.12e+08,111379,3699.08151446862
2019,Moldova,-0.135619074076867,-0.11667413340238,-0.192630400084438,-0.113649069011045,-0.594249606052971,-0.466041339914298,-0.170202868345613,0,0.255501367732264,0.25594623353972,-0.209877175374575,0.250338836000703,-0.284900869236382,-0.623985469341278,-0.41209015250206,-0.393239885568619,-0.0355215705931187,-0.427145123481751,-0.0999972894787788,11971345002.7757,2664224,4493.37030323865
2019,Monaco,,,,,,,,,,,,,,,,,,,,7383745662.15157,37034,199377.481831603
2019,Mongolia,-0.0365183168407311,0.44525652659351,0.158513985333713,0.0736590724003805,0.432790950867665,-0.0671366680975739,-0.176437365175252,-0.143688441770667,0.226820847103434,-0.119730191825178,0.514407867904487,0.376297597018069,0.232960280915582,-0.431834369897842,-0.191707879304886,0.634378731250763,0.0407244898378849,-0.236219063401222,0.323747634887695,14206359006.8095,3232430,4394.94714713374
2019,Montenegro,-0.36659352792649,0.170461194169704,-0.126192731260098,0,-0.888350704359956,0,-0.170701307620162,0,0,-0.0481835115127737,0,0,0,-0.0044234567321837,0.138532131910324,0.0676735788583756,0.408847391605377,0.0174666829407215,0.0247833598405123,5542053845.29274,622028,8909.65333601179
2019,Morocco,0.465760543579332,-0.433590590991916,-0.0139193944730497,-0.172523664069873,0.227319877391502,-0.16028455090143,-0.145141636273743,-0.254917308050738,-0.262006838455681,0.467288589532087,-0.140412239535453,0.240206229792336,0.193061958074404,-0.339404433965683,-0.201040923595428,-0.339893311262131,-0.141041234135628,-0.247476294636726,-0.628879964351654,128919944681.869,36304408,3551.0824107604
2019,Mozambique,-0.397399491791269,-0.0537432429774847,0.429834002314376,0.317547688300349,-0.259061122223057,-0.348759761607904,-0.452876410166893,0.280567851789013,0.0506703547668526,0.0229027354715981,-0.0727538041587725,0.0566523890437791,0.263506121014609,-0.852694749832153,-0.87389612197876,-0.749242007732391,-0.762343287467957,-1.05568206310272,-0.544109582901001,15390039241.674,30285595,508.16367456786
2019,Myanmar,0.0639471637091382,-0.437683852341403,0.429416625979873,0.155150253467318,-0.0771046861499821,-0.194508026305865,0.22560680693948,0,0.1364296138553,0.364143785897177,-0.291682873707053,0.373062601823589,0.354581569650046,-0.62456077337265,-1.16904890537262,-1.32806718349457,-0.754303634166718,-1.06050157546997,-0.85721880197525,68697759361.231,53040212,1295.2014475589
2019,Namibia,-0.413558048354112,-0.0180279645927201,0.340434372483262,0.10784047588395,-0.0173411931848962,-0.0327185896593953,-0.560984285282364,0.521365350369684,0.199868952129185,-0.248090950094402,-0.00108669618091261,0.0424136037934526,0.0996311733228568,0.345387160778046,0.12494795024395,0.529649496078491,0.0152758322656155,0.39015993475914,0.514972746372223,12541928104.6242,2446644,5126.17614357634
2019,Nauru,-0.295452233673439,0,0.392513224061385,0,-0.871000198940455,0,0,0,0,0,0,0,0,-0.453386813402176,-0.133010134100914,0.772843241691589,-0.0353479012846947,-0.765545427799225,0.470693081617355,118724073.809183,12132,9786.02652564977
2019,Nepal,0.169014485545701,-0.373517108881405,0.453859276858682,-0.132927607748156,0.200593141921868,0,-0.32051251463049,-0.217990072097096,0,0.596967669489309,-0.247800585929543,0,0,-0.666650354862213,-1.05280935764313,-0.453802615404129,-0.711373031139374,-0.536536455154419,-0.151104941964149,34186190995.9565,28832496,1185.68267540752
2019,Netherlands,-0.273440332683673,0.0683608143323224,-0.0511202816355573,-0.365970559909083,-0.0409735007541319,-0.515627463889123,-0.0391629489588096,-0.0864897592738556,0.425935092106036,0.140001139041515,-0.249951535775826,0.336960427779648,0.361117160424957,1.90288698673248,1.79613089561462,0.847549617290497,1.85969293117523,1.76928198337555,1.48540389537811,910194347568.626,17344874,52476.2732533327
2019,New Caledonia,0.473068091632331,-0.226518488686023,-0.335594656075219,0,-0.233299154637355,0,0.639050978692748,0,0,-0.386597378229388,0,0,0,,,,,,,9438130987.37298,271230,34797.5186645024
2019,New Zealand,0.263027552940542,-0.291505164603621,0.0219780594990196,-0.160560969472556,0.25512513695901,-0.348341453445496,-0.199027839450914,-0.142931996310502,0.14430632741835,0.297214914844637,-0.109301638956148,0.303739329791514,0.599783873377539,2.16713047027588,1.66368079185486,1.41130232810974,1.87952852249146,1.87633287906647,1.53523802757263,213434571357.984,4979200,42865.233643554
2019,Nicaragua,-0.18483467080116,-0.391659219124614,-0.566128946990168,0,-0.405237778693347,0,0.57245476477846,0,0,-0.00388599105090505,0,0,0,-1.01394855976105,-0.740191996097565,-1.00479376316071,-0.697732210159302,-1.18647146224976,-1.09821820259094,12596636042.2321,6663924,1890.27306467362
2019,Niger,0.129325816418497,0.242381655131305,-0.431984703821727,-0.255571736428501,-0.0350738700790856,0.233640912879419,0.541587938483633,-0.0810110587676235,-0.158725410211064,-0.170819711620623,-0.297648442606674,0.417051561882241,0,-0.525908708572388,-0.816304087638855,-1.4100866317749,-0.707689821720123,-0.541376113891602,-0.578379988670349,12916455161.1081,23443393,550.963555536014
2019,Nigeria,-0.202715276429687,-0.156754369454108,0.140685192802337,-0.423317578620328,-0.00764957812521846,0.126061836473923,0.173205773585337,0,0.199090313890184,-0.118479570635517,0.453915193747304,0.523651095192236,0.394297237498256,-1.07927775382996,-1.18443369865417,-1.92018330097198,-0.925423800945282,-0.922569572925568,-0.434370815753937,448120015209.524,203304492,2204.18157415589
2019,Niue,,,,,,,,,,,,,,,,1.32690060138702,,,1.32531654834747,,,
2019,North Korea,0.269981220276675,0,-0.77531444786144,0,-0.570962036947491,0,0,0,0,0,0,0,0,-1.5939404964447,-1.39771819114685,-0.317571073770523,-2.399906873703,-1.6511195898056,-2.20753026008606,,25755441,
2019,North Macedonia,-0.0371035781226396,-0.323358242557483,0.105402701167124,-0.251430740283133,0.0819648475588109,-0.286842839352625,0.410262443522786,-0.16326299625947,0.577919632201335,0.328126928307326,0.0490445510160616,-0.302827913679315,0,-0.434369027614594,-0.0972267314791679,0.00435633724555373,0.452311515808106,-0.28234338760376,-0.0185252595692873,12606338448.547,2076694,6070.38805358276
2019,Northern Mariana Islands,,,,,,,,,,,,,,,,,,,,1.182e+09,49858,23707.3288138313
2019,Norway,-0.299840965615504,0.114501179458575,0.36932355447561,0.115911982726926,-0.286167071425921,-0.527288934266995,0.319119767426696,-0.0705618031921982,0.347980540350838,0.128867677363706,0.117348699249006,0.294873409054726,0.204913184776118,2.07048583030701,1.85467600822449,1.17056477069855,1.80264568328857,1.97626161575317,1.6552220582962,404941363636.364,5347896,75719.7528965343
2019,Oman,0.0401620386447935,0.339899501426939,-0.0928238990024644,0.0474535728349792,-0.266313409241874,-0.256383404966112,0.53030104779386,-0.229762624034395,0.434602030949233,0.0914668155076495,0.150885334808327,0.406441941322414,0.126946190300623,0.448438465595245,0.254982084035873,0.587534427642822,0.290434986352921,0.549288749694824,-1.15427422523499,88060858257.4772,4602768,19132.1522739094
2019,Pakistan,-0.0522249328189132,0.224478268381858,-0.0249705918019547,0.0388707666777968,-0.0751074342424842,-0.157119675953448,-0.504263266901773,0.00688320816627588,0.473616815875138,0.0826389453270605,-0.135655029694961,0.136593095199764,0.626010392889529,-0.85709273815155,-0.680663824081421,-2.26518702507019,-0.659801244735718,-0.671738862991333,-0.862769305706024,320909489229.723,223293280,1437.16590678288
2019,Palau,,,,,,,,,,,,,,-0.453386813402176,-0.0491242855787277,0.8770632147789,-0.00968486163765192,0.309936016798019,1.06541621685028,278900000,17916,15567.0908684974
2019,Panama,-0.436477547962616,0.208768995717715,-0.389144861292518,-0.241177835090561,-0.392700962160817,-0.307837624006006,-0.222833391897876,0.104559953333456,-0.457099101791155,-0.0884048072018622,-0.173069911773861,0.00535157590085719,0,-0.623118281364441,0.130315572023392,0.303619921207428,0.392861157655716,-0.172175571322441,0.600345253944397,66984400000,4232532,15826.0823544866
2019,Papua New Guinea,-0.241083332338449,0.409173525514549,0.0169732062433196,0.226430808049021,-0.208019897465011,-0.316331263176489,-0.189295313691574,0.362986875994086,0.440153042165285,-0.131687865435449,-0.151523616581758,0.352825456599236,0.23118242786201,-0.991500794887543,-0.810321033000946,-0.697371006011963,-0.54384309053421,-0.789312481880188,0.0933501794934273,24751344560.8856,9542486,2593.80465015989
2019,Paraguay,-0.191161977184166,-0.318242141704516,0.600758093084644,0,0.501814230880354,0,-0.210639196897021,0,0,0.45286019667465,0,0,0,-0.875117301940918,-0.556186079978943,-0.0103485211730003,-0.123482502996922,-0.552163302898407,0.0537457652390003,37925338329.1494,6530026,5807.83879407975
2019,Peru,-0.190850815754323,-0.398815848468582,0.0768387526566035,0.0756210150152446,-0.235227690654113,-0.128835337090409,0.177141167067082,-0.37099953424283,0.0745036656116759,0.36421976996057,-0.378023985473518,-0.227996888131793,0.467821914505632,-0.488679647445679,-0.0974682196974754,-0.152364984154701,0.531907260417938,-0.502912223339081,0.266258627176285,228323495040.901,32824861,6955.80995882667
2019,Philippines,0.134564790631089,-0.186448490714173,-0.063119749482472,0.00778950209148117,-0.15530316458881,-0.491299785834516,0.237341568614932,-0.113385219425169,0.437498098618859,0.136238473620789,0.0376322650412416,0.168860352637248,0.607047941757219,-0.585154712200165,0.0929715558886528,-0.915112435817719,0.114578157663345,-0.552665591239929,0.00651443470269442,376823278560.849,110380804,3413.84792378255
2019,Pitcairn,-0.657769046168279,0,-0.312371652552206,0,-0.68539319560722,0,0,0,0,0,0,0,0,,,,,,,,,
2019,Poland,0.169169182716944,-0.357467987816326,0.05260350686982,-0.367807949146411,0.00118280429228632,-0.639714733069126,0.115336723330674,-0.080760948944925,-0.015988756209431,0.378017622898781,-0.0850172739878167,0.0812510148354024,0.345694593138259,0.638833582401276,0.543930947780609,0.563653528690338,1.02194809913635,0.412422895431519,0.673151612281799,596054591863.312,37965475,15699.9113500703
2019,Portugal,0.208835310405048,-0.227434377888019,0.123326830527156,-0.353800836696707,0.0852151568166943,-0.0501570860852316,-0.41102905045694,0.0763051381635647,0.284774522873905,-0.373766949967134,-0.27639744132386,0.243548033993507,0.472464511729431,0.774474918842316,1.16280674934387,1.0662305355072,0.967999637126923,1.1317640542984,1.19642508029938,239986922638.902,10286263,23330.817288932
2019,Puerto Rico,,,,,,,,,,,,,,0.00921082124114037,-0.167731955647469,0.138034492731094,0.730115234851837,0.582143187522888,0.469737321138382,105126400000,3193694,32916.866800639
2019,Qatar,0.0127320096535966,0.31918106781805,-0.0499504894258536,0.175539137109394,-0.401076481478281,-0.225740056515922,0.218592456642383,-0.191380713210007,0.0719849241741838,0.357254077757293,-0.156182808787011,0.641106974049125,0.0140931865659815,0.845478773117065,0.699964761734009,0.700104176998138,0.677464723587036,0.728758275508881,-1.30786001682282,175837550989.011,2807235,62637.2751084291
2019,RÃ©union,,,,,,,,,,,,,,0.62128621339798,1.08302557468414,0.239086300134659,1.22653388977051,0.839582562446594,,,,
2019,Romania,-0.47041155241414,-0.251055884565619,-0.250638900838412,-0.46373693157623,-0.346981201662729,-0.187315051429076,0.306670066889115,0.0220711824474939,0.0841439687077092,0.0871362669136957,-0.0440686206929217,-0.078187218151981,0.406284805457718,-0.213289558887482,-0.186415791511536,0.561702191829681,0.459240168333054,0.440403878688812,0.51631110906601,251019278416.197,19371648,12958.0755553785
2019,Russia,-0.315676186790854,-0.297414461612569,-0.0735190969238483,-0.290481500789763,-0.454577312415443,-0.4190607862351,0.347717990851534,0,0.213122787415894,0.170550153971073,-0.0705490912247499,0.369067455197159,0.0570237514097658,-0.802163481712341,0.0652898773550987,-0.557384431362152,-0.46409547328949,-0.752920866012573,-1.11777782440186,1693113904262.89,144406261,11724.6571757916
2019,Rwanda,0.0311502386772808,-0.606686965952602,-0.0792773949721788,-0.372678207224066,0.209788261967273,0,-0.0669706716388888,0.125403502360655,0,0.588129356398822,-0.275078666019073,0,0,0.549180388450623,0.128713324666023,0.0642396807670593,0.00136469176504761,0.0836476683616638,-1.09779763221741,10356327149.4262,12835028,806.879981050778
2019,Saint Kitts and Nevis,0.703720927926325,0,-0.0859221013484449,0,0.705261829463625,0,0,0,0,0,0,0,0,0.381346434354782,0.537684321403503,0.72392463684082,0.500148177146912,0.474864780902863,0.816921651363373,1107840740.74074,47712,23219.3314206225
2019,Saint Lucia,-0.260013456957778,-0.419652099102928,-0.257743442322533,-0.468363300268326,-0.0872951693992714,0.269938431323853,-0.259638118817234,-0.207969871515091,-0.296980757508366,0.339851036181056,-0.268071518924822,-0.0614816633772869,0,0.589129149913788,0.310075104236603,0.913268566131592,0.293929100036621,0.60730767250061,0.900114715099335,2094201725.17451,178583,11726.7697662964
2019,Saint Maarten,0.713803121243259,0,-0.0841193078432105,0,0.695276237298069,0,0,0,0,0,0,0,0,,,,,,,,41608,
2019,Saint Martin,,,,,,,,,,,,,,,,,,,,,33121,
2019,Saint Vincent and the Grenadines,-0.0245518934001197,-0.325537598694795,-0.508933732784892,-0.559698995129465,0.0113747911872734,0,0.10705238305782,-0.175329836092304,-0.20761688985927,-0.273878274027149,-0.400876208941372,0,0,0.795019030570984,0.310075104236603,0.953555166721344,0.268908798694611,0.475298374891281,0.89955335855484,910149703.703704,104924,8674.37100857482
2019,Samoa,-0.325931089238845,-0.468153894412006,-0.34289561567452,-0.340188259613567,-0.332715932052961,0,0.24488292929343,-0.150268616065671,0,-0.376377897340469,-0.326170019935632,0,0,0.681556224822998,0.504421651363373,1.15778851509094,-0.205718591809273,1.16265833377838,0.778777360916138,912944537.815126,211905,4308.27275342784
2019,San Marino,-0.403038579243841,0,0.829566027569356,0,0.386497230965378,0,0,0,0,0,0,0,0,,,0.898447453975678,,,1.16375398635864,1616188702.34405,34178,47287.3983949924
2019,Sao Tome and Principe,-0.347571697467482,0.606909231742729,-0.0619666569000298,0,-0.563230943145169,0,-0.248382904868017,0,0,-0.357899525329088,0,0,0,0.160535991191864,-0.730839312076569,0.513909995555878,-0.949943542480469,-0.67222410440445,0.370800614356995,427425039.684339,214599,1991.73826385183
2019,Saudi Arabia,-0.108599233300203,0.250207609884238,-0.319873807272263,0.367722349296525,-0.272261403842456,-0.0743347704772943,-0.0447783727735345,0.212916272283842,-0.183186219654681,0.399716428511529,-0.0563433650551368,0.29102356015386,0.529030534366589,0.270871371030808,0.302020937204361,-0.60589075088501,-0.0703633204102516,0.164395228028297,-1.65963327884674,803616264791.024,35827362,22430.238229402
2019,Senegal,0.143621897081121,-0.669182506584525,0.160870117213062,-0.229167551545491,0.431188589658017,0.125144552881823,-0.161972509416164,-0.0491159692947277,-0.425502288611081,-0.0631147875522206,-0.0813307595713561,-0.0982760788455206,0.147070652770179,0.0106357177719474,-0.115319676697254,0.0465478301048279,-0.163330793380737,-0.191692054271698,0.234817653894424,23398811423.578,16000781,1462.35433280276
2019,Serbia,-0.405135251061656,-0.327757708767174,0.352624789783717,-0.215460887006471,-0.315324781756547,-0.167188811249716,0.140541274322774,0.219216636964603,0.283837152131261,0.383657959700043,0.178406875752727,0.099313927228758,-0.305014504172171,-0.428667545318604,0.0152442818507552,-0.0659501180052757,0.111772499978542,-0.122518986463547,-0.0462145768105984,51514222381.8428,6945235,7417.20364852202
2019,Seychelles,-0.163262591679027,-0.341414172597095,0.733050893148623,0,0.277988814975743,0,-0.184736304186472,0,0,0.456084195764335,0,0,0,1.21109545230865,0.661006391048431,0.682731926441193,0.042499840259552,0.280158221721649,0.313407987356186,1684373490.19831,97625,17253.5056614424
2019,Sierra Leone,-0.108500457946535,0.70919158790283,-0.327986941350289,0,-0.404330846120174,0,-0.284628437987261,0,0,-0.364969488781752,0,0,0,-0.445484548807144,-1.13592910766602,-0.0528448447585106,-0.900548934936523,-0.784437656402588,-0.135008841753006,4076578542.56207,8046828,506.606894364098
2019,Singapore,0.136098569319654,-0.0802920495338551,-0.0659330373805034,-0.354375316905675,0.123090105160349,-0.631315977890885,-0.119193043222755,-0.198029295152278,0.371766352703962,0.166055078076128,-0.3700165864149,0.0732847043438563,0.26438661514926,2.1565318107605,2.21273446083069,1.50078642368317,2.1601128578186,1.87016820907593,-0.205995976924896,375472731271.075,5703569,65831.1894308765
2019,Slovakia,0.0512799233077384,-0.114907919934852,0.0324291196262655,-0.299802168985551,-0.322348342541318,-0.407729488852072,0.112649772693689,-0.205807445541172,0.228951311226106,0.233713693838916,-0.094564034730936,0.125720027650711,0.660489522634327,0.21370042860508,0.580516278743744,0.667157709598541,1.00504791736603,0.523336887359619,0.862816572189331,105720354988.541,5454147,19383.4810445228
2019,Slovenia,0.0209291440362513,-0.357896768318556,-0.123440981700349,-0.249781563390166,-0.128292036822889,-0.352232387390739,0.566652746630772,-0.211752771030906,0.18044243425999,0.355912213041151,-0.0775262332922365,0.148859504340755,0.316195907132073,0.918282330036163,1.07539081573486,0.807429194450378,1.00710797309875,1.11191046237946,0.978998601436615,54331588482.3058,2088385,26016.078683914
2019,Solomon Islands,,,,,,,,,,,,,,-0.0262524299323559,-0.989601075649261,0.508222222328186,-0.846145212650299,-0.0968644395470619,0.489826142787933,1619154819.29185,674993,2398.77275659429
2019,Somalia,-0.364089736795707,0,0.887204414658014,0,0.283384879927217,0,0,0,0,0,0,0,0,-1.70907258987427,-2.25098657608032,-2.38664531707764,-2.13131284713745,-2.37018537521362,-1.85331976413727,6.485e+09,15981300,405.786763279583
2019,South Africa,-0.0367296406790231,0.142625892316698,-0.335871612003447,-0.477351644793657,-0.226613870624358,-0.10232444795893,0.379219977804836,-0.274869351203375,0.01658252813747,0.389433869949632,-0.431195994322517,-0.087687970537756,-0.104386205949559,0.0200650133192539,0.162542775273323,-0.267670422792435,0.0230294428765774,-0.123172171413898,0.653677582740784,388531954110.604,58087055,6688.78727128797
2019,South Korea,-0.107797192356924,-0.0272679981978296,-0.15808870934959,-0.360707610776306,0.189216344933333,-0.680151876463658,-0.0499265786147414,-0.0354104010274365,0.406971788429527,-0.0130785086570273,-0.0588430338890051,0.0546847724434799,0.397653404559469,0.73346209526062,1.3697988986969,0.551206409931183,1.06810581684113,1.1873733997345,0.751461744308472,1651422932447.77,51764822,31902.4169048195
2019,South Sudan,-0.282190363339082,0.0977489049816957,0.390979868766953,0.331166223827171,-0.218372866892943,0,-0.250572799198027,0.588464303130346,0.342120414463143,0.272491615355791,-0.0146865123553131,0,0,-1.78442513942719,-2.37982869148254,-2.51194834709168,-1.96541845798492,-1.98892629146576,-1.98854887485504,,10447666,
2019,Spain,0.00401828555055884,-0.249035047299894,-0.101281174294634,-0.458439451565094,0.114775042489277,-0.69626471870921,-0.0358207259424993,-0.00263026110676195,0.230253546711576,0.19606152764898,-0.00698864288978952,0.0685237555564374,0.349416249478027,0.694954097270966,0.995634913444519,0.310685813426971,1.04847490787506,1.01937651634216,1.03772735595703,1394320055129.41,47134837,29581.5185513299
2019,Sri Lanka,-0.2365633894531,-0.497931298624196,0.514209584053083,0.0143122105456339,-0.0233023536938417,-0.153175344340562,0.136034875406674,0.188917401876563,0.167141098227973,0.261134491360168,-0.0813453927580836,0.348573752304942,0.359216909463089,-0.281438767910004,-0.0951133072376251,-0.217622801661491,-0.217790633440018,0.0608090050518513,-0.0884685143828392,89014990791.9051,21803000,4082.69461963515
2019,Sudan,-0.135304205687221,0.302207611644958,0.267286666484166,0.37914775664334,-0.0820011985921484,0.102988924175106,0.1959617893869,0.172409430244334,0.592053973797924,-0.275825671910632,-0.0885371898030719,0.394036362758604,0,-1.4152524471283,-1.63887929916382,-1.70178663730621,-1.65292882919312,-1.16194486618042,-1.66026365756989,32338079165.2893,43232093,748.010954854517
2019,Suriname,0.12656144302664,0.601067132169034,0.041013158011288,-0.0744060106259175,0.684048867854791,0,0.082058197992485,-0.121965686502578,0,0.342431265243905,0.0932253648209661,0,0,-0.397296965122223,-0.592646241188049,0.101494126021862,-0.681967914104462,-0.063247449696064,0.364362627267838,4016040575.08796,600301,6690.04478601228
2019,Sweden,-0.450280853199568,0.377128022409581,0.149039426831426,-0.00910456576162606,-0.34209390886597,-0.357576980542026,0.0789925979830976,-0.041667910568188,-0.0620761825620824,0.0402248304878226,0.0703001130555825,0.359433157191085,0.490157718974349,2.12822103500366,1.70230340957642,1.03947269916534,1.80026471614838,1.82391309738159,1.56092047691345,533879529188.454,10278887,51939.4297445292
2019,Switzerland,0.192129550001413,-0.0432869077799155,-0.266716942605998,-0.259195501461334,-0.100803080561053,-0.260503262437635,0.293234896342563,-0.238861079012084,0.518094511718064,0.223119653053576,-0.261695086949196,0.225610851049596,0.405263909808567,1.98032593727112,1.94432032108307,1.32495296001434,1.66301369667053,1.89818131923676,1.49699628353119,721369112726.724,8575280,84121.9310304415
2019,Syria,-0.0985432366358103,-0.278845607937604,-0.230959799036032,-0.32635473283881,-0.678077000062901,0,0.24816233031479,-0.163676023703958,0,-0.423510771591283,-0.158620119906771,0,0,-1.6931779384613,-1.71156418323517,-2.72988080978394,-1.76075744628906,-2.07467174530029,-1.99376249313355,22443299775.342,20098251,1116.67924613649
2019,Taiwan,,,,,,,,,,,,,,1.04840219020844,1.43001091480255,0.788458943367004,1.40118813514709,1.13455474376678,0.977802097797394,,,
2019,Tajikistan,0.137953405330374,-0.154963340470106,-0.294242211847134,-0.587020663620206,-0.15379903277735,-0.528875358755412,0.424000537404016,-0.19117090935794,-0.0308030954294908,0.0357156134715209,-0.0434449413610847,0.0445592164338043,0,-1.33004188537598,-1.06422030925751,-0.520874679088593,-1.03012180328369,-1.23710560798645,-1.79679524898529,8300784856.87904,9337003,889.02026237745
2019,Tanzania,0.0888483671144098,-0.491896861494042,-0.0965675773101045,-0.429146263282182,0.517376453342224,0.05736369703047,-0.251649798878903,-0.0209929226420322,-0.244564011649595,0.331775891061764,-0.208762716741769,-0.0135915323821069,0.0908896111341368,-0.37158665060997,-0.832263290882111,-0.373524188995361,-0.652389287948608,-0.553331434726715,-0.517210066318512,61136873692.3985,59872579,1021.11642280181
2019,Thailand,0.0838451463860769,-0.200644387897457,-0.0233418808404056,-0.291740627831427,-0.153974314776756,-0.637114981949495,0.00633556492258374,-0.0936102023185344,0.562641171946664,0.139586754901018,-0.161387405049689,0.00757196892164299,0.257827470941892,-0.450202941894531,0.303793728351593,-0.483683407306671,-0.0113698914647102,0.110140085220337,-0.846768021583557,544081056184.697,71307763,7630.03960991873
2019,Timor-Leste,-0.05139854310647,0,0.0901778805833475,0.644182478226901,-0.512653290549374,-0.274105091608881,0,0,-0.221357695866922,0,-0.149918077844221,0.405996819229465,0,-0.378991782665253,-0.880101263523102,0.233639791607857,-0.775825500488281,-1.10920119285584,0.357380628585815,2028551627.60532,1280438,1584.26384378261
2019,Togo,0.356417057387381,0.649593856933826,-0.543224907953956,-0.0798850920299861,-0.163968323005944,-0.0699339217818335,0.107086370820248,-0.196239617015357,0.00970796867922546,-0.0225834033609594,0.162319407719358,-0.202024964631539,0,-0.72555810213089,-0.936474919319153,-0.919564306735992,-0.727751791477203,-0.572418034076691,-0.729201138019562,7220395247.7424,8243094,875.932659234797
2019,Tokelau,-0.697728046144691,0,-0.311242556122319,0,-0.645215967627551,0,0,0,0,0,0,0,0,,,,,,,,,
2019,Tonga,-0.656142565472416,0,-0.227878000133183,0,-0.719408472865435,0,0,0,0,0,0,0,0,-0.295294046401978,0.223588839173317,1.03230690956116,-0.301407098770142,0.50402444601059,0.633017718791962,512057749.020644,104951,4879.0173416227
2019,Trinidad and Tobago,-0.515017928851554,0.323458784532114,0.305443623087544,0.0687987157404673,-0.0143080205965441,-0.0848555452665522,0.317816035517039,0.247185684937031,0.295732368537291,-0.317236999981218,-0.301066904193611,0.219092848484985,-0.189338306205847,-0.233625844120979,0.119822189211845,0.100833661854267,-0.179901510477066,-0.149334028363228,0.598354816436768,23849557811.8957,1519955,15690.9630955493
2019,Tunisia,0.157602690642595,-0.179901329243892,-0.0430786962397992,-0.0412721476089969,-0.074801569235616,0.166193292759496,0.41144908522636,0.246171252773572,0.0870054602746511,0.259789539577705,0.165601246031198,0.601455702091328,0.460324156871639,-0.105317533016205,-0.00382654787972569,-0.869923055171967,-0.371870785951614,0.110084667801857,0.262432813644409,41906113685.9324,12049314,3477.88377711232
2019,Turkey,0.388250145704569,-0.498297259185541,-0.226312381131663,-0.525218688710661,0.196458651216234,-0.0361763098009868,0.00197817176102292,-0.233270892349556,-0.266547526801008,0.287228829849733,0.0351482894342018,-0.0129204906869535,0.156893038546055,,,,,,,759937390496.669,83481684,9103.04337531894
2019,Turkmenistan,0.319742011200632,-0.63129714765237,-0.199790586136916,-0.329256712157842,-0.252314342266397,0,0.273537388332631,-0.24921362056598,-0.219053500744359,0.319208704110786,-0.0207702926368447,0,0,-1.37606465816498,-0.96685266494751,-0.185278385877609,-2.01497864723206,-1.39493417739868,-2.1851224899292,45231428571.4286,6158420,7344.64823305793
2019,Turks and Caicos Islands,-0.429481178830186,-0.52943027914462,-0.238484181461703,-0.417341764842501,-0.459167627988714,0,-0.182033063528845,-0.0887000727579206,0,0,-0.228827431372275,0,0,,,,,,,1197415000,43080,27795.1485608171
2019,Tuvalu,-0.641910309540834,0,-0.219705995888767,0,-0.734629450727179,0,0,0,0,0,0,0,0,0.408475995063782,-0.619882762432098,1.1969165802002,-0.491710364818573,0.568812310695648,1.19598972797394,54223149.1136601,10956,4949.17388770173
2019,Uganda,0.200795950331022,-0.575511440480755,-0.080551223721168,-0.415771530000554,0.20633065175443,-0.162241017140613,0.148892342712959,0.28888785881205,-0.243211151922832,0.187574338022805,-0.385345754192401,0.150326213385743,0.0957516360764937,-1.14085757732391,-0.621487855911255,-0.691217362880707,-0.400987356901169,-0.328430354595184,-0.644737601280212,35353060634.2022,42949080,823.138950454869
2019,Ukraine,0.218183828510517,-0.182133024166467,0.00588285630094544,-0.464021159221041,-0.110114852684244,-0.640326106755042,0.0630215091573884,-0.120703770934843,0.144043500401138,0.462315065780563,-0.0136597938312375,-0.13775406121548,0.0976867348665977,-0.780903398990631,-0.308895260095596,-1.42357587814331,-0.202633947134018,-0.724594473838806,0.0238951966166496,153882982016.281,44386203,3466.91024722887
2019,United Arab Emirates,0.1739410383874,-0.457390094045851,0.446383540196896,-0.204056120438001,0.40820303993772,-0.134603327596895,-0.276902786282754,-0.384567363965143,-0.00263702287968894,-0.0393844891063172,-0.236527214826969,-0.174007989262287,0.150148819978624,1.1029372215271,1.37060034275055,0.685608506202698,0.977581739425659,0.834396660327911,-1.14009809494019,417989721734.494,9211657,45376.1708381558
2019,United Kingdom,-0.155555638728885,-0.223318670087699,0.0766558924635977,-0.123047099749856,-0.226920339712642,-0.535308387416682,-0.13457830714349,-0.0353266253893284,0.176786763843431,0.534704627233056,-0.186034867687535,0.199115573283521,0.39508064624896,1.78268098831177,1.47623598575592,0.539731860160828,1.62437176704407,1.5986852645874,1.26135551929474,2857057847953.02,66836327,42747.080460496
2019,Uruguay,-0.0765418473990091,-0.247433024608352,0.0212952448823109,0,-0.900706398161398,0,0.345852367207451,0,0,0.0397351341187642,0,0,0,1.22648072242737,0.671302378177643,1.03887915611267,0.622146308422089,0.629673480987549,1.22697699069977,61231149880.5857,3428409,17859.9314960921
2019,USA,-0.135099082407281,-0.195086312859559,0.243788535885609,-0.173501023213542,-0.303056319342151,-0.450655492603293,-0.0955836453121995,0.00335484660183637,0.335662635606896,0.363983311084635,-0.328998318100106,0.371551098570778,0.24213581184122,1.2119687795639,1.48233127593994,0.134975299239159,1.34376358985901,1.45373570919037,0.903775811195374,21380976119000,328329953,65120.3946628653
2019,Uzbekistan,-0.217032882931453,0.00427366021420833,0.510922456814932,-0.299351429171898,-0.0724871061797316,-0.608167675172835,0.186956645850476,0.164550918335816,-0.0197372500974433,-0.222658525520544,0.187152233660851,-0.1386994540841,-0.246664670217775,-1.02622210979462,-0.523717761039734,-0.284819692373276,-1.03011012077332,-1.06004595756531,-1.6531138420105,59907674027.4676,33580350,1784.00981608195
2019,Vanuatu,-0.655748986232049,0,-0.220946096826982,0,-0.721925265766868,0,0,0,0,0,0,0,0,-0.259581238031387,-0.530147731304169,1.02192413806915,-0.450524657964706,0.221129029989243,0.680349051952362,936526267.622513,304404,3076.58988588361
2019,Venezuela,-0.178428868344302,0.272341473109121,0.439839195642162,0.49775496658734,-0.130407631405274,0.0886783651864351,0.0760495830376944,-0.00953946953827562,0.565154377646001,-0.0526281418593419,-0.170547214254809,0.266035051567241,0,-1.51224255561829,-1.69478678703308,-1.53677773475647,-2.36221385002136,-2.2535936832428,-1.43044018745422,,28971683,
2019,Viet Nam,0.084106747179323,-0.278193491040986,-0.0618389093002503,0.0968830560243615,-0.233107481922801,-0.77924906762131,0.154660918042962,-0.0596033675659174,0.244594034249754,-0.00806138525250578,-0.0100130012059139,-0.0310871342423679,0.390288858705712,-0.524321258068085,0.0438676774501801,0.0254955869168043,-0.364987105131149,-0.0272426605224609,-1.40561985969543,334365257436.758,95776716,3491.09127354876
2019,Virgin Islands (U.S.),,,,,,,,,,,,,,0.62128621339798,0.810354948043823,1.06507384777069,1.22653388977051,1.08381736278534,,4.117e+09,106669,38596.0307118282
2019,West Bank and Gaza,-0.230145859065908,0.350952808616515,0.0860782246859691,-0.0864114939485796,-0.304395792489055,-0.427337700497047,-0.142419064751225,0,0.619917376859109,-0.17784781048227,-0.0981315344965283,-0.296435335248457,0,-0.330311328172684,-0.746353566646576,-1.89528954029083,0.0316884703934193,-0.488022923469544,-1.02680480480194,17133500000,4685306,3656.85827137011
2019,Yemen,-0.137681648022603,-0.13474155408786,0.525972881833998,0.229037718116895,-0.0531480302869998,-0.0470313145091712,-0.47585237687989,0.346403800160305,0.0925185732131607,-0.015475410806146,0.24393687721324,0.45763928828324,0.0676527949553336,-1.69835770130157,-2.315260887146,-2.77083039283752,-1.676149725914,-1.78223860263824,-1.78093492984772,,31546691,
2019,Zambia,-0.234745224250049,-0.0438383961221895,-0.116835288710202,-0.607443960998713,-0.233404998025641,-0.613778806066619,-0.0660761773376951,0,-0.0096611778729635,0.0927374322749433,0.168676338634333,-0.248613062796829,-0.160661492812693,-0.662319958209992,-0.717326402664185,-0.113846860826015,-0.594765901565552,-0.46354416012764,-0.309643387794495,23308667781.2258,18380477,1268.12094056241
2019,Zimbabwe,0.0894203425561254,-0.382371059144255,-0.00144484017671826,-0.562781817542176,0.058599227770145,-0.527910909673691,-0.127817838363078,0.185747953909583,0.0610324768537031,0.311505929261953,-0.262981862127597,-0.159111233073089,-0.0295069825512278,-1.27328038215637,-1.26728773117065,-0.959749400615692,-1.46861338615417,-1.2920708656311,-1.16470468044281,21832234925.5021,15354608,1421.86859641758
